Title,X1,Y1,X2,Y2,X3,Y3,X4,Y4,X5,Y5,X6,Y6,X7,Y7,X8,Y8,X9,Y9,X10,Y10,X11,Y11,X12,Y12,X13,Y13,X14,Y14,X15,Y15,X16,Y16,X17,Y17,X18,Y18,X19,Y19,X20,Y20,X21,Y21,X22,Y22,X23,Y23,X24,Y24,X25,Y25,X26,Y26,X27,Y27,X28,Y28,XNot selected,YNot selected,X30,Y30,X30,Y30
,0,881.67,0,870.72,0,850.26,0,848.38,0,837.83,0,834.04,0,829.28,0,820.89,0,815.73,0,807.27,0,793.51,0,790.93,0,786.16,0,772.92,0,763.27,0,746.28,0,737.66,0,727.7,0,713.46,0,791.69,0,796.34,0,795.91,0,799.44,0,801.48,0,804.6,0,810.03,0,839.71,0,846,0,0,0,0,0,0
,74.98,880.71,14.99,870.23,62.94,849.01,15,847.71,8.99,837.07,11.96,833.68,24.98,826.41,2.99,819.72,8.96,814.81,17.76,806.1,5.99,792.87,9.19,789.42,3.4,784.09,10.44,771.95,3.37,762.94,6.14,745.49,3,736.94,3.64,726.04,6,712.86,3.42,791.39,28.57,793.17,13,795.52,9.4,797.97,9.54,800.56,9.46,803.52,17.02,809.62,6.07,838.82,24,844.88,20,0,20,0,20,0
,104.97,880.57,35.98,870.59,89.91,848.41,38.99,847.07,29.97,836.44,35.88,832.72,60.08,819.03,11.98,818.74,11.95,814.78,35.56,805.44,8.99,792.68,12.26,788.91,6.8,781.78,13.42,771.65,6.74,762.51,12.29,744.66,6,736.17,7.27,723.79,12,712.65,10.25,791.17,35.71,792.29,22.76,795.18,15.66,797.52,19.08,799.48,22.07,801.98,27.23,809.29,9.1,838.57,33,844.8,40,0,40,0,40,0
,116.96,880.78,56.96,870.11,104.89,848.34,44.99,847.1,38.96,836.34,53.82,831.7,82.95,817.95,20.97,817.84,17.93,815.08,41.52,804.72,11.99,792.74,18.39,787.94,10.19,779.41,16.82,771.13,10.12,762.22,18.43,745.73,9,735.29,10.91,721.17,18,713.03,13.67,791.19,39.28,791.75,29.26,794.86,31.31,797.19,22.26,799.07,28.37,801.29,34.04,808.99,12.14,838.46,60,844.01,60,0,60,0,60,0
,176.94,879.96,92.94,869.77,131.86,847.94,71.98,846.09,47.95,835.93,65.78,831.32,88.95,814.73,26.95,816.75,23.92,815.14,53.45,804.69,23.98,792.21,24.52,787.05,13.59,776.79,27.02,769.89,16.86,762.06,24.57,746.48,15.01,732.82,14.55,719.54,27,713.33,20.51,790.68,46.43,791.5,32.52,794.73,53.23,796.94,31.79,797.55,34.68,800.73,44.25,808.4,18.2,838.11,78,843.2,80,0,80,0,80,0
,227.93,879.55,134.91,868.67,170.82,846.9,110.98,845.21,53.94,835.9,89.7,830.4,92.04,814.1,32.93,814.33,32.89,814.96,68.36,804.41,32.97,791.75,27.59,786.59,16.99,773.85,33.83,768.68,20.23,762.02,30.72,746.76,18.01,732.17,18.19,718.12,39,713.14,27.34,790.33,53.57,792.53,39.02,794.64,75.14,796.88,38.15,796.67,40.98,800.3,54.46,807.74,21.23,837.88,78.72,842.51,100,0,100,0,100,0
,233.92,879.67,143.91,868.25,194.8,846.91,125.97,845.02,71.92,835.11,101.66,829.8,99.83,813,49.51,814.3,41.87,815.54,77.31,805.08,41.96,791.62,33.72,785.44,20.39,771.31,37.23,768.16,23.6,761.95,36.86,746.94,21.01,731.68,21.83,716.93,45,713.28,37.6,789.93,64.28,792.79,55.28,794.68,118.98,796.65,44.51,795.97,47.29,799.94,61.26,807.53,27.3,837.33,142.49,839.44,120,0,120,0,120,0
,260.92,879.26,163.4,867.92,224.77,846.45,134.97,844.41,83.91,834.83,113.62,829.4,106.07,812.9,80.74,814.25,47.85,815.5,92.22,805.18,47.96,791.72,42.91,783.79,23.79,769.11,40.63,767.79,26.97,761.78,46.08,746.69,24.01,731.28,25.46,715.94,51,713.33,44.43,789.72,67.86,792.68,61.78,794.89,144.02,796.34,47.69,795.7,53.59,799.67,68.07,807.01,36.4,836.61,150.78,838.02,140,0,140,0,140,0
,278.91,879.35,179.81,867.32,281.71,846.17,146.97,846.39,116.87,833.87,134.55,829.03,109.99,813.9,86.72,814.1,59.81,814.91,101.17,804.03,50.96,791.39,45.98,783.29,27.19,767.25,44.03,767.53,30.34,761.67,52.22,746.55,27.01,731.21,29.1,714.65,57,712.9,51.27,789.31,89.28,792.41,74.79,795.57,175.33,795.61,66.77,794.39,59.9,799.49,78.28,806.1,42.47,836.21,158.64,836.42,160,0,160,0,160,0
,320.9,878.79,191.76,866.86,296.69,846.2,156.21,846.7137,137.85,833.72,152.46,829.37,112.96,814.73,89.71,814.01,65.8,814.79,110.11,803.42,56.95,791.01,49.04,782.87,28.68,763.41,47.44,767.32,33.71,761.7,61.44,746.1,30.01,731.28,32.74,713.3,63,712.88,58.1,789.22,100,791.84,81.29,795.84,194.11,795.38,73.13,793.91,63.05,799.45,91.89,804.97,45.5,836.07,160.11,835.97,180,0,180,0,180,0
,347.89,878.91,208.26,866.11,305.68,846.47,158.96,846.81,152.83,833.19,161.33,829.73,114.99,818.75,101.66,814.2,71.78,815.05,136.95,803.23,68.94,790.94,52.11,782.54,31.65,762.51,50.84,767.27,37.08,761.63,67.58,744.98,33.01,731.2,36.38,712.02,72,712.85,64.94,789.05,110.71,790.97,87.8,796.07,219.16,795.13,79.49,793.49,72.51,799.45,102.11,804.22,51.56,836,164.91,835.94,200,0,200,0,200,0
,365.25,878.53,212.66,865.19,323.66,846.47,170.96,846.43,176.8,832.8,170.2,829.65,130.01,818.73,107.64,814.4,83.74,815.22,151.86,803.29,74.94,791.09,55.17,782.24,46.77,761.5,54.24,767.18,40.46,761.55,73.72,743.63,36.02,730.98,40.02,711.53,84,712.8,71.77,789.04,117.85,790.45,94.3,796.22,225.42,795.21,82.89,793.15,81.68,799.57,105.51,804,54.6,836.06,167.59,835.91,220,0,220,0,220,0
,397.11,878.24,221.07,863.32,344.64,846.75,177.29,845.5016,191.79,832.02,190.9,829.14,145.52,816.63,110.62,814.69,95.71,815.5,154.85,803.2,80.93,790.53,58.24,781.96,56.69,761.7,61.05,766.74,43.83,761.44,79.87,743.04,39.02,730.65,43.65,711.2,90,713.11,75.19,788.97,125,789.37,100.8,796.29,237.95,794.82,84.12,789.05,93.72,799.65,112.32,803.73,57.63,836.17,168.87,836.41,240,0,240,0,240,0
,401.27,876.03,223.85,862.03,365.62,846.51,179.96,845.11,218.76,832.11,199.77,828.22,155.16,817.97,122.58,814.84,110.67,815.56,178.7,803.36,89.92,790.16,64.37,781.37,61.68,762.51,64.45,766.49,47.2,761.3,86.01,742.66,42.02,730.2,50.93,710.32,96,713,82.03,788.7,132.14,788.4,107.31,796.31,247.34,794.81,93.68,786.98,96.73,799.73,122.53,803.47,60.66,836.22,171.24,837,260,0,260,0,260,0
,406.04,875.17,226.46,860.34,386.59,845.69,188.96,844.24,239.73,831.41,205.68,826.83,161.13,817.79,131.54,814.58,113.66,815.44,184.67,803.22,98.92,789.13,67.43,781.09,75.74,768.72,67.85,766.31,50.57,761.13,92.16,742.42,45.02,729.66,54.57,710.1,105,712.19,88.86,788.71,142.85,787.16,110.56,796.29,269.25,794.75,106.31,786.06,102.75,799.96,129.33,803.4,66.73,835.99,174.63,837,280,0,280,0,280,0
,406.41,872.97,231.73,860.22,413.57,844.85,230.95,843.63,257.71,831.5,206.39,826.8117,170.13,818.14,137.52,813.53,119.64,814.41,193.62,803.35,104.91,789.21,70.5,780.83,78.16,769.18,71.25,766.08,53.94,761.07,98.3,742.25,48.02,729.04,58.2,710.23,111,711.91,95.7,788.5,150,786.49,120.32,796.14,281.78,794.65,117.4,786.15,105.76,799.86,139.54,803.25,72.79,835.89,176.86,836.21,300,0,300,0,300,0
,408.87,872.73,239.57,861.18,419.56,844.86,269.94,843.35,311.65,831.37,214.98,826.59,182.13,818.01,142,813.31,122.63,814.6,211.51,803.09,113.91,788.86,73.56,780.63,81.56,769.45,74.65,765.65,57.31,760.97,107.52,742.29,51.02,728.36,61.84,710.57,117,712.2,109.37,788.32,160.71,785.8,126.82,795.97,297.43,795.9,126.03,786.06,111.77,799.59,146.35,803.03,81.89,835.89,178.08,835.38,320,0,320,0,320,0
,412.4,873.22,241.02,861.91,449.53,844.27,299.93,842.93,323.3,830.83,226.4,825.9764,191.13,817.58,152.46,812.88,134.6,813.99,226.42,803.02,116.9,788.65,76.63,780.52,84.96,769.59,78.06,765.28,60.68,760.84,113.66,742.23,54.03,727.63,65.48,711.06,123,712.4,116.2,788.41,167.85,785.59,133.32,795.73,313.08,797.54,138.98,787.43,117.79,799.44,153.16,802.58,94.03,835.98,180.12,835.43,340,0,340,0,340,0
,412.64,875.16,244.2,862.76,482.48,842.78,311.93,842.3,432.2,829.38,232.29,825.66,200.13,817.41,157.06,812.09,140.58,814.03,232.38,803.11,122.9,787.97,83.79,780.37,88.36,769.77,81.46,765.38,64.05,760.64,122.87,742.07,57.03,726.85,69.12,710.86,129,712.07,119.62,788.37,171.42,785.64,136.57,795.58,328.74,799.4,152.53,788.26,123.81,799.56,156.56,802.31,106.16,836.16,182.94,836.39,360,0,360,0,360,0
,421.25,877.17,290.3,866.2,502.64,842.68,341.92,842.07,482.1,830.08,238.21,824.9,206.13,817.53,158.44,810.81,143.57,814.39,238.35,802.92,140.88,787.51,86.82,780.13,91.76,769.61,84.86,765.61,67.43,760.58,129.02,741.75,60.03,726.04,72.76,710.33,135,712.13,126.46,788.57,178.57,785.43,146.33,795.07,335,800.11,155.62,789.26,129.83,799.47,163.37,801.58,112.22,836.18,184.34,838.3,380,0,380,0,380,0
,456.59,877.87,309.76,866.06,522.5,839.68,356.92,841.24,542.14,828.38,260.55,824.28,224.13,817.65,161.43,809.63,146.56,815.21,250.27,802.96,143.88,787.55,89.84,779.83,95.16,769.5,88.26,765.67,70.8,760.47,135.16,741.61,63.03,725.52,76.39,710.19,144,712.35,133.29,788.44,182.14,785.19,152.83,794.6,353.79,801.1,160.24,792.28,132.84,799.03,166.77,801.18,118.29,836.16,187.49,838.8,400,0,400,0,400,0
,462.75,878.97,327.34,866.04,524.54,837.08,369.23,839.94,543.51,826.95,263.32,822.4,233.13,817.85,165.15,807.8,149.55,815.71,259.2,803.16,149.88,788.06,92.87,779.26,98.56,769.58,91.66,765.56,74.17,760.2,141.31,741.46,65.07,725.47,80.03,710.28,150,712.7,136.71,788.31,189.28,785.01,159.34,793.99,360.05,800.8,166.42,792.22,135.41,798.45,173.58,801.23,124.36,836.09,205.89,838.78,420,0,420,0,420,0
,487.17,878.81,351.78,866.11,526.518,835.9,395.91,839.58,546.86,824.1,267.77,821.18,260.13,818.58,167.16,806.7,155.54,815.34,285.99,803.13,152.87,788.11,95.89,778.67,101.95,769.39,95.07,765.53,77.54,760.06,147.45,741.32,68.07,725.53,83.67,710.4,156,712.56,143.55,788.32,196.42,784.97,165.84,793.42,369.44,798.78,172.76,792.75,141.48,797.14,183.79,801.37,130.42,835.86,247.14,839.86,440,0,440,0,440,0
,517.88,879.1,384.18,865.87,536.57,834.7,413.9,839.44,552.18,824.5,268.97,820.08,275.13,818.74,179.29,807,170.49,814.96,294.92,803.37,158.87,787.56,98.92,778.28,105.35,769.3,98.47,765.57,80.91,759.95,153.59,741.2,74.6,724.02,87.31,710.66,168,712,146.96,788.22,203.57,784.56,182.1,792.28,375.7,796.95,182.27,793.21,143.79,795.15,187.19,801.51,133.45,835.66,248.2,841.13,460,0,460,0,460,0
,535.87,878.8,393.01,865.97,544.6,835.8,431.9,840.08,562.19,824.1,270.79,819.7,284.13,819.24,184.77,809.63,197.41,814.99,300.88,803.09,167.86,787.73,101.95,777.99,108.75,769.44,101.87,765.39,84.28,759.73,159.74,741.09,94.94,722.22,90.94,710.86,174,712.09,150.38,787.99,214.28,784.15,188.6,791.84,385.09,798.65,188.61,793.23,145.3,792.31,197.4,801.85,142.55,834.87,257.2,841.48,480,0,480,0,480,0
,562.86,878.77,412.41,865.88,546.48,837.08,437.9,839.78,572.07,824,274.95,818.8,302.13,819.07,192.14,813.38,200.41,815.04,324.69,802.87,176.86,787.13,104.97,777.76,112.15,769.47,105.27,764.92,87.65,759.69,165.88,741.02,113.83,721.92,94.58,711.14,180,712.08,157.22,787.93,217.85,783.88,195.11,791.45,394.49,800.56,194.95,793.57,145.74,790.56,211.02,802.16,148.62,834.25,263.2,841.99,500,0,500,0,500,0
,583.85,879.04,434.9,866.01,549.5,839.28,452.89,840.06,576.27,826.95,279.2,819.2,308.13,819.09,198.14,813.48,212.37,814.98,327.67,802.64,188.85,787.25,108,777.55,115.55,769.43,108.67,764.38,94.39,759.81,175.1,740.92,119.04,719.52,98.22,711.43,192,711.94,164.05,787.75,228.57,783.43,201.61,791.1,403.88,800.81,198.12,793.64,151.93,790.54,217.82,802.33,151.65,834.18,269.2,841.39,520,0,520,0,520,0
,640.83,879.28,445.65,866.06,558.12,840.5,473.89,839.67,577.11,829.28,282.81,820.08,320.13,819.38,213.09,813.18,224.34,815.36,333.62,802.71,191.84,787.59,111.03,777.37,118.95,769.12,112.08,763.65,97.77,759.8,181.24,740.98,121.23,718.4,101.86,711.52,204,711.95,170.89,787.78,232.14,783.46,211.37,790.64,410.14,800.68,201.28,793.55,155.89,791.19,228.03,802.41,154.68,834.24,275.2,842.36,540,0,540,0,540,0
,658.82,879.92,452.88,866.14,566.84,840.85,485.88,838.99,584.19,829.67,284.96,823.18,335.13,819.15,228.12,813.06,239.29,815.43,345.53,802.24,194.84,787.65,114.05,777.22,122.35,768.77,115.48,762.46,101.14,759.93,190.46,740.9,129.27,718.4,105.5,711.26,210,711.85,187.98,787.28,235.71,783.29,221.12,790.3,419.53,800.72,210.79,793.01,162.2,791.84,231.44,802.47,157.72,834.51,287.2,843.28,560,0,560,0,560,0
,688.81,879.88,455.4,866.1285,572.83,841.7,500.88,838.69,597.36,834.68,303.39,823.68,347.13,818.82,248.09,811.52,248.27,815.62,354.46,802.53,197.84,787.46,120.1,776.97,126.1,768.51,118.88,760.98,104.51,760.41,196.6,740.88,136.19,718.6,109.13,710.94,216,712.17,191.39,787.22,246.42,783.19,237.38,789.67,425.79,799.86,213.96,793.03,163.72,792.48,234.84,802.45,160.75,835.01,290.2,843.74,580,0,580,0,580,0
,736.79,880.31,478.55,866.0231,584.79,841.22,539.08,835.28,601.74,835.54,339.04,824.31,359.13,819.02,263.03,811.57,257.24,816.68,366.37,800.5,215.82,785.75,123.13,776.89,129.56,768.64,122.28,759.33,107.88,760.92,202.74,740.95,143.98,719.2,112.77,710.81,222,712.55,194.81,787.28,267.85,783.14,243.88,789.49,432.06,798.1,217.13,793.15,169.67,795.44,241.65,802.28,163.78,835.32,299.2,843.22,600,0,600,0,600,0
,757.78,880.22,485.83,865.99,590.78,841.35,545.87,835.5,604.71,836.28,345.02,824.6,380.13,818.63,266.02,812.42,263.22,816.99,372.33,799.99,218.82,785.59,126.16,776.68,133.01,768.73,125.68,757.42,111.25,761.34,208.89,740.75,163.78,719.1,116.41,710.72,228,712.42,201.65,787.03,274.99,783.03,247.14,789.46,441.45,796.77,220.3,793.07,171.83,795.36,245.05,802.14,169.85,835.8,311.2,842.11,620,0,620,0,620,0
,799.76,880.78,500.81,865.68,597.61,840.8337,563.86,834.84,616.61,837.74,356.99,824.67,386.13,818.33,277.97,812.22,275.19,816.52,378.28,799.14,236.81,785.18,129.18,776.38,143.37,768.77,132.49,753.44,114.62,761.59,215.03,740.62,173.76,719.52,120.05,710.67,234,712.58,205.06,786.84,278.57,783.09,253.64,789.55,460.23,795.83,226.64,792.8,178.02,796.0608,255.26,801.82,172.88,835.97,320.2,842.22,640,0,640,0,640,0
,811.76,881.28,518.78,865.84,616.18,839.43,569.86,834.24,,,365.96,824.3,397.57,818.4368,283.95,813.54,284.16,816.42,390.19,797.1,242.8,784.89,132.21,776,150.27,768.62,134.48,752.67,117.99,761.56,221.18,740.6,188.82,722.22,123.68,710.66,240,712.86,208.48,786.51,292.85,782.88,256.89,789.65,479.02,795.37,232.98,792.82,180.94,796.08,258.66,801.78,178.95,836.19,329.2,841.79,660,0,660,0,660,0
,832.75,881.73,551.73,866.86,618.12,839.4492,588.98,834.58,,,371.94,824.27,401.13,818.47,295.9,814.3,290.15,816.49,402.1,795.43,245.8,784.63,135.23,775.65,153.72,768.47,135.87,751.67,121.36,761.49,227.32,740.25,198.42,726.72,127.32,710.67,246,712.77,215.32,785.26,303.56,783.02,263.4,789.97,500.93,795.24,242.49,793.06,183.98,795.95,265.47,801.79,197.15,836.58,347.2,840.7,680,0,680,0,680,0
,,,575.7,867.91,650.61,839.77,592.13,832.48,,,383.9,824.62,407.13,817.9,304.87,814.93,299.12,816.23,408.05,794.94,257.79,784.33,138.26,775.46,157.18,768.61,138.89,751,124.74,761.44,233.46,740.23,200.18,727.37,130.96,710.69,258,712.55,218.74,785.2,314.28,782.76,269.9,790.35,513.46,795.09,245.66,793.01,187.01,796.12,272.28,801.84,206.25,836.68,353.2,841.05,700,0,700,0,700,0
,,,596.66,868.24,674.54,840.38,594.8,831.1,,,389.88,824.99,413.13,817.61,310.84,815.72,308.09,816.31,416.98,794.96,263.79,784.38,141.29,775.33,160.63,768.66,146.99,750.3,131.48,761.32,239.61,740.41,203.19,727.73,145.51,710.81,264,712.26,222.15,785.29,324.99,783.01,276.4,790.43,529.11,794.97,252,792.71,190.05,797.18,285.89,802,212.31,836.72,371.2,840.55,720,0,720,0,720,0
,,,611.64,868.73,692.49,840.39,605.05,830.2,,,395.87,824.96,417.6,817.2772,316.82,816.8,311.08,815.94,434.52,794.56,269.78,784.57,144.31,775.43,164.08,768.63,156.94,750.7,134.85,761.22,248.82,740.31,206.19,727.85,152.79,710.83,273,712.29,228.99,785.21,332.14,782.91,279.65,790.35,551.03,794.74,261.51,792.53,193.08,798.42,289.29,802.07,215.34,836.7,383.2,840.78,740,0,740,0,740,0
,,,623.63,866.89,701.46,840.61,614.93,829.6,,,404.84,825.23,422.13,816.94,328.77,817.01,317.07,815.58,437.65,790.76,275.78,784.9,147.34,775.59,167.53,768.44,166.99,751.4,138.22,761.07,254.97,740.2,209.19,728.01,156.43,710.85,279,711.88,235.82,785.24,339.28,782.93,286.16,790.1,576.07,794.37,271.01,792.27,196.12,799.47,296.1,802.3,218.38,836.62,395.2,840.41,760,0,760,0,760,0
,,,641.6,866.83,725.39,840.65,620.06,830,,,410.82,824.83,431.13,817.4,331.76,817.24,323.05,815.53,439.86,789.96,281.77,785.04,150.37,775.49,170.99,768.17,177.07,750.9,141.59,760.43,261.11,740,212.19,728.05,163.7,710.87,285,711.79,242.66,785.51,346.42,783.03,289.41,789.94,607.38,794.2,283.69,791.86,199.15,799.79,302.91,802.67,221.41,836.46,413.2,840.81,780,0,780,0,780,0
,,,659.57,870.88,740.35,840.93,621.96,830.7,,,416.8,825.03,440.13,818.05,337.74,817.26,332.02,814.88,444.56,790,299.76,784.98,153.39,774.91,174.44,767.86,180.13,751.67,144.96,759.75,267.25,739.75,215.2,728.02,167.34,710.89,291,712.09,245.72,785.27,357.14,783.01,295.91,789.56,640.24,793.82,293.2,791.71,202.19,799.82,313.12,803.41,224.44,836.24,422.2,840.43,800,0,800,0,800,0
,,,674.55,871.98,758.3,840.95,624.54,832.48,,,422.78,824.78,455.13,819.02,343.71,817.55,341,814.38,454.61,790.2,317.74,785.27,159.44,773.17,177.89,767.75,183.52,757.03,148.33,759.74,273.4,739.92,218.1,727.98,170.98,710.9,297,712.48,248.97,784.76,364.28,782.93,302.42,789.12,658.58,793.52,299.54,791.74,205.22,799.7,319.93,803.83,227.48,836.25,428.2,840.46,820,0,820,0,820,0
,,,689.53,872.12,788.21,841.61,629.58,835.58,,,431.75,824.67,458.13,819.33,349.69,818.02,346.98,814.3,456.51,790.76,338.73,785.24,162.47,772.61,188.25,767.9,186.92,757.51,151.7,759.59,279.54,739.9,224.85,727.78,174.61,710.92,303,712.25,255.48,784.14,367.85,783.01,308.92,788.76,670.8,793.21,309.05,791.91,208.26,799.44,326.73,804.12,230.51,836.5,431.2,841.12,840,0,840,0,840,0
,,,710.5,871.73,794.2,841.61,632.16,836.1,,,449.7,824.78,467.13,819.58,355.67,818.8793,355.96,813.73,466.86,790.96,344.72,785.15,165.5,772.32,198.61,768.09,193.72,757.72,155.08,759.49,285.69,739.89,228.23,727.6,181.89,710.93,309,711.7,258.74,783.67,371.42,782.87,312.17,788.63,692.2,792.64,315.39,792.08,214.19,799.5,330.14,804.21,233.54,836.57,437.2,841.43,860,0,860,0,860,0
,,,728.47,868.86,821.12,842.27,640.02,836.58,,,464.65,823.69,485.13,819.72,363.87,818.96,361.94,813.61,511.44,791.2,350.72,784.86,168.52,772.25,205.51,767.96,200.53,757.77,158.45,759.44,297.97,739.79,231.6,727.59,185.53,710.95,315,711.43,261.99,782.95,382.14,782.87,315.42,788.57,716.65,792.17,328.07,792.52,220.24,799.35,340.35,804.39,236.57,836.53,446.2,840.64,880,0,880,0,880,0
,,,740.45,868.29,842.06,843.1,650,837.2,,,470.63,823.51,491.13,819.66,364.64,819.01,370.91,812.71,516.46,795.06,362.71,783.84,171.55,772.35,208.96,768.07,207.33,758.04,161.82,759.36,304.12,739.86,234.98,728.04,203.72,710.99,321,711.49,265.25,782.05,392.85,782.72,325.18,788.45,731.94,792.04,334.41,792.67,223.27,799.38,347.15,804.67,242.64,836.51,455.2,840.5,900,0,900,0,900,0
,,,746.45,868.81,871.97,843.91,674.03,843.85,,,476.61,823.77,497.13,819.95,367.64,818.88,382.88,810.76,520.54,796.23,374.7,782.68,177.6,772.64,212.42,768.28,214.14,758.35,165.19,759.22,313.33,739.7,238.36,728.43,207.35,711.01,327,711.39,271.76,779.91,403.56,782.79,334.94,788.35,756.39,791.53,340.75,792.76,229.32,799.35,350.56,804.5,251.74,836.55,464.2,840.83,920,0,920,0,920,0
,,,758.43,870.75,883.94,844.11,698.03,843.52,,,479.61,823.6,503.13,819.86,373.62,818.95,391.85,809.83,529.39,797.95,386.69,782.18,181.16,772.88,219.32,768.77,217.54,758.48,168.56,759.2,322.55,739.84,241.73,728.7,210.99,711,333,711.64,278.27,777.53,410.71,782.95,338.19,788.36,774.73,791.01,347.08,792.79,238.39,799.27,353.96,804.22,254.77,836.59,470.2,839.25,940,0,940,0,940,0
,,,770.41,870.14,913.85,843.99,710.03,844.1,,,500.57,824.86,515.13,820.48,376.62,819.28,400.83,808.75,535.29,799.58,392.68,781.83,184.16,773.43,222.78,768.95,220.94,758.51,171.93,759.11,328.69,740.07,245.11,729.04,221.91,711.02,339,712.18,280.67,774.06,414.28,782.83,344.69,788.51,793.07,790.57,353.42,792.77,244.44,799.36,360.77,803.38,266.9,836.84,473.2,838.94,960,0,960,0,960,0
,,,794.37,869.9,940.78,844.02,719.03,844.87,,,512.55,826.15,527.13,820.46,382.6,819.1866,403.82,808.53,544.14,802.41,398.68,781.74,187.16,773.95,226.23,768.96,224.34,758.32,175.3,759.21,334.84,740.25,248.49,729.42,229.18,711.05,345,712.55,283.46,772.2,421.42,781.62,357.7,788.77,808.35,790.3,372.44,792.79,256.53,799.68,364.17,802.85,272.97,837.03,482.2,840.48,980,0,980,0,980,0
,,,803.36,870.08,946.76,843.88,725.03,846.18,,,530.53,828.43,533.13,820.84,387.26,819.16,415.78,808.86,550.04,803.36,413.67,782.87,190.17,774.26,233.13,768.58,227.75,758.29,178.67,759.17,340.98,740.84,251.86,729.67,232.82,711.09,351,712.7,293.26,773.5,428.56,781.62,364.2,788.84,820.58,790.3,385.12,792.86,262.58,799.79,367.57,802.4,276,837.05,494.2,840.77,1000,0,1000,0,1000,0
,,,854.29,870.28,952.74,844.54,734.03,850.81,,,548.5,829.84,539.13,820.6,388.59,819.17,421.76,808.89,555.94,804.79,425.67,783.5,193.17,774.14,236.59,768.4,231.15,758.33,182.05,758.92,347.12,741.64,255.24,729.62,236.46,711.1,357,714.4,302.74,773.9,435.71,781.97,373.96,788.89,835.86,790.31,391.46,792.84,268.63,799.86,370.98,802.32,279.04,837.01,497.2,841.3,1020,0,1020,0,1020,0
,,,884.24,870.56,979.67,844.16,737.03,851.63,,,560.49,830.28,548.13,820.54,394.58,819.44,427.75,809.06,564.79,806.3,437.66,783.79,196.18,773.97,240.04,768.39,234.55,758.48,185.42,758.68,353.27,742.68,258.62,729.47,240.1,711.12,363,716.22,312.45,773.7,442.85,781.33,383.71,788.87,841.98,790.46,404.14,792.69,283.75,799.91,374.38,802.06,282.07,836.74,503.2,841.4,1040,0,1040,0,1040,0
,,,905.21,870.48,997.61,844.38,743.03,851.97,,,569.47,830.01,563.13,820.91,400.56,819.46,439.71,808.88,576.59,807.2,458.65,784.51,200.79,773.84,246.94,768.62,237.95,758.59,188.79,758.59,359.41,743.75,261.99,729.13,261.92,711.18,369,717.44,322.21,773.7,446.42,781.32,393.47,788.82,854.2,791.11,416.82,792.63,289.8,799.97,381.19,801.94,286.33,835.88,509.2,841.87,1060,0,1060,0,1060,0
,,,986.09,871.26,1018.55,844.88,749.03,851.46,,,572.47,830.18,578.13,822.27,403.56,819.19,448.69,808.6,,,464.64,784.57,208.76,770.74,250.4,768.66,243.6,758.67,192.16,758.56,365.55,744.33,265.37,729.03,265.56,711.2,375,718.21,325.18,774.06,453.56,781.86,409.73,788.78,866.43,791.96,423.7,792.65,298.87,800.1,387.99,802.49,288.66,835.44,515.2,841.18,1080,0,1080,0,1080,0
,,,,,1060.43,844.75,758.03,848.2,,,599.43,830.1,581.13,822.84,409.54,818.97,454.67,808.73,,,470.64,784.24,212.94,769.3,253.85,768.58,250.67,758.84,198.9,758.57,371.7,744.37,268.74,729.01,269.2,711.18,381,718.26,332.73,780.11,457.14,781.61,422.74,788.67,875.6,793.06,429.77,792.71,304.92,800.14,391.4,802.56,292.77,834.12,527.2,842.07,1100,0,1100,0,1100,0
,,,,,1093.34,845.26,764.03,848.08,,,614.41,829.8,590.13,825.31,421.52,818.91,466.63,808.58,,,473.64,784.23,222.1,768.4,257.3,768.43,261.27,759.27,205.64,758.55,377.84,744.62,272.12,728.91,272.84,711.17,387,717.58,336.86,780.95,464.28,781.72,429.24,788.63,881.71,792.79,435.84,792.69,310.97,800.08,398.2,801.98,296.88,832.19,539.2,842.04,1120,0,1120,0,1120,0
,,,,,1105.31,845.77,794.03,848.83,,,623.4,829.82,596.13,826.32,439.48,819.06,481.59,807.89,,,476.64,784.45,233.39,769.5,260.75,768.46,264.81,759.28,209.02,758.51,383.99,745.01,275.5,728.88,276.47,711.14,393,715.71,340.11,781.59,478.56,782.46,445.5,788.57,887.83,791.03,451.02,792.56,320.04,799.87,405.01,801.69,300.09,830.03,551.2,842.84,1140,0,1140,0,1140,0
,,,,,1138.21,846.17,842.03,848.76,,,629.39,829.59,602.13,826.72,448.46,818.98,496.55,807.71,,,485.63,785.58,242.44,769.5,264.21,768.56,268.34,759.26,212.39,758.42,390.13,745.65,278.87,728.99,280.11,711.1,399,714.21,343.37,782,482.87,782.78,458.51,788.59,893.94,789.99,466.2,792.78,329.12,799.7,408.41,802.02,300.84,829.75,560.2,842.82,1160,0,1160,0,1160,0
,,,,,1147.19,846.41,881.03,847.99,,,662.35,829.27,611.13,826.97,454.44,818.7,502.53,807.73,,,491.63,785.26,250.89,771.74,267.66,768.63,275.41,759.43,215.76,758.34,402.42,747.58,282.25,729.25,283.75,711.05,405,714.21,353.13,782.52,486.77,782.89,474.76,788.58,903.11,789.79,472.27,792.83,335.17,799.47,415.22,802.14,307.88,829.68,566.2,843.12,1180,0,1180,0,1180,0
,,,,,1189.07,846.43,914.03,848.24,,,668.34,829.42,617.13,827.61,463.43,818.82,514.5,807.63,,,497.63,785.28,251.98,773.74,274.56,768.71,278.95,759.47,222.5,758.32,408.56,748.61,285.63,729.53,287.39,710.98,411,714.59,358.4,782.64,494.57,782.48,487.77,788.59,912.28,789.57,484.41,793.06,347.26,798.86,418.63,802.13,313.62,828.93,584.2,842.93,1200,0,1200,0,1200,0
,,,,,1201.03,846.54,,,,,674.33,829.31,629.13,827.13,469.41,818.69,523.65,806.81,,,518.62,784.89,253.25,774.51,281.47,768.55,282.48,759.55,229.24,758.14,420.85,750.13,289,729.78,291.02,710.9,417,714.96,365.27,782.44,498.47,782.47,500.78,788.7,924.51,789.9,493.52,793.16,353.31,798.62,425.43,802.49,314.39,830.1,587.2,843.37,1220,0,1220,0,1220,0
,,,,,1224.97,846.41,,,,,683.32,829.52,641.13,826.91,475.4,818.72,529.37,806.61,,,524.61,785.09,256.25,775.39,284.92,768.17,286.02,759.67,232.61,758.19,426.99,750.48,292.38,729.98,298.3,710.72,423,714.95,368.71,782.4,502.37,782.61,507.28,788.64,933.68,789.53,496.55,793.31,359.36,798.48,428.84,802.55,316.91,834.08,596.2,845.4,1240,0,1240,0,1240,0
,,,,,1254.88,846.53,,,,,692.31,829.32,668.13,826.61,481.39,818.6,529.57,806.66,,,533.61,784.89,259.26,776.15,288.37,768.3,289.55,759.71,235.98,758.14,433.14,750.54,295.75,730.12,301.94,710.66,429,715.48,379.02,782.62,506.27,782.95,510.53,788.58,939.79,789.76,499.59,793.7,371.46,798.34,439.05,802.49,317.44,835.61,,,,,1260,0,1260,0
,,,,,1296.76,846.9,,,,,719.27,829.25,680.13,826.07,490.37,818.89,541.26,803,,,542.6,785.06,262.26,776.8,291.83,768.41,293.09,759.82,239.36,757.99,439.28,750.83,299.13,730.22,305.58,710.59,435,715.36,382.46,782.49,510.17,782.65,513.79,788.71,945.9,790.26,502.62,793.9,374.48,798.33,449.26,802.53,320.39,837.27,,,,,1280,0,1280,0
,,,,,1314.71,847.34,,,,,734.25,829.49,686.13,825.67,496.35,818.89,543.51,800.6,,,551.6,785.8,265.01,777.31,295.28,768.57,296.62,760.08,242.73,757.88,445.42,751.49,302.82,730.29,309.21,710.55,444,715.28,385.89,782.16,517.97,782.49,517.04,788.94,955.07,791.13,517.8,793.66,389.6,798.15,456.06,802.31,321.56,837.92,,,,,1300,0,1300,0
,,,,,1359.58,847.86,,,,,746.24,829.5,698.13,825.93,499.35,819.23,545.4,799.23,,,554.6,785.86,268.03,777.85,298.73,768.78,300.16,760.3,246.1,757.82,451.57,751.53,306.95,730.36,312.85,710.53,453,715.65,389.33,781.94,525.77,782.25,520.29,789.05,967.3,791.68,523.87,793.54,398.68,798.08,459.47,802.05,325.67,839.82,,,,,1320,0,1320,0
,,,,,1401.51,848.24,,,,,752.23,829.7,707.13,825.75,502.34,819.24,552.75,798.71,,,563.59,785.54,271.05,778.37,302.18,768.95,303.69,760.43,249.47,757.87,457.71,750.75,311.09,730.41,316.49,710.52,459,716,396.2,781.72,529.67,782.31,523.54,789.25,973.41,792.15,532.98,793.43,413.8,798.04,465,802.2,,,,,,,1340,0,1340,0
,,,,,1422.51,848.56,,,,,761.22,829.68,716.13,826.43,508.33,819.43,557.41,799.14,,,569.59,785.22,274.07,778.86,305.64,768.88,307.23,760.53,252.84,757.84,473.07,748.69,315.23,730.47,320.13,710.5,467.39,716.53,409.94,781.48,532.23,782.16,530.05,789.35,979.52,792.37,538.93,793.44,422.87,797.97,471.4,802.15,,,,,,,1360,0,1360,0
,,,,,1440.5,848.63,,,,,770.2,829.98,743.12,828.02,514.31,819.38,560.19,800.02,,,575.59,785.02,277.09,779.28,309.09,768.77,310.76,760.57,256.21,757.83,479.22,747.86,319.37,730.5,327.4,710.49,473.39,716.42,420.25,781.27,533.57,782.09,536.55,790,988.69,792.41,545.97,793.58,428.92,797.96,477.79,801.96,,,,,,,1380,0,1380,0
,,,,,1524.47,850.09,,,,,782.19,830.15,758.1,828.34,523.29,819.9,566.34,806.5,,,581.58,784.7,280.1,779.58,312.54,768.56,314.3,760.72,259.58,758.01,485.36,747.03,323.51,730.52,331.04,710.51,479.39,716.81,423.69,781.3,537.47,780.46,539.8,790.47,1003.98,792.76,553,793.68,434.97,797.98,480.99,801.91,,,,,,,1400,0,1400,0
,,,,,,,,,,,788.18,830.05,767.1,828.4,538.26,820.3,589.67,806.14,,,591.24,784.95,283.12,779.66,315.99,768.24,317.83,760.84,262.95,758.03,491.5,746.22,327.64,730.56,334.68,710.55,488.39,717.04,427.12,781.05,541.37,778.63,543.05,791.18,1010.09,792.3,560.04,793.74,444.04,798.06,484.19,801.74,,,,,,,1420,0,1420,0
,,,,,,,,,,,809.15,830.4,776.09,828.79,544.25,820.99,590.72,806.19,,,608.42,784.65,286.14,779.72,319.45,767.57,324.9,761.43,266.33,758.17,497.65,745.44,331.78,730.61,341.95,710.65,494.39,717.43,430.56,780.6,545.27,777.46,549.56,792.74,1019.26,791.4,563.56,793.83,468.23,798.03,487.39,801.64,,,,,,,1440,0,1440,0
,,,,,,,,,,,821.14,830.84,,,,,599.63,806.12,,,610.72,780.6,289.16,780.23,322.9,766.6,328.44,761.78,269.7,758.49,503.79,744.74,335.92,730.67,345.59,710.71,500.39,718.18,434,780.69,548.34,775.82,556.06,794,1025.37,791.14,567.08,794.13,483.36,798.11,490.59,801.42,,,,,,,1460,0,1460,0
,,,,,,,,,,,827.13,830.76,,,,,605.57,805.94,,,613.52,779.5,292.18,781.15,326.35,766.36,331.97,761.95,273.07,758.84,509.93,744.03,340.06,730.71,349.23,710.79,509.39,719.41,444.3,780.75,554.13,775.3,562.56,795.68,1037.6,791.07,570.59,794.95,492.43,798.28,493.79,800.74,,,,,,,1480,0,1480,0
,,,,,,,,,,,836.12,830.98,,,,,611.51,806.02,,,623.22,779.2,295.2,782.21,329.8,766.09,335.51,761.9,276.44,759.09,516.08,742.39,348.33,730.92,352.87,710.89,515.39,719.79,447.74,780.71,560.25,773.7,565.82,796.33,1046.77,790.51,574.11,796.09,495.45,798.3,496.99,799.79,,,,,,,1500,0,1500,0
,,,,,,,,,,,848.1,831.49,,,,,617.45,806.37,,,632.81,779.4,298.21,783.29,333.26,765.95,339.05,761.52,283.18,758.97,522.22,741.99,354.26,730.95,356.51,710.98,524.65,719.69,461.49,780.89,568.04,774.9,572.32,797.53,1052.88,790.33,581.15,798.16,501.5,798.13,500.19,798.94,,,,,,,1520,0,1520,0
,,,,,,,,,,,857.09,831.59,,,,,629.33,806.73,,,637.92,780.2,301.23,784.35,336.71,765.68,342.58,761.49,286.55,758.87,531.44,741.88,356.61,730.83,360.14,711.08,533.65,719.53,468.36,780.7,568.67,778.76,575.57,797.81,1059,790.71,584.66,798.78,510.57,798.2,503.12,798.4,,,,,,,1540,0,1540,0
,,,,,,,,,,,887.05,832.57,,,,,638.24,806.58,,,639.28,780.6,304.25,785.37,343.61,765.71,346.12,761.62,289.92,758.9,537.58,741.8,360.75,730.72,363.78,711.23,542.65,719.8,471.79,780.67,570.2,779.08,578.82,798.55,1071.22,790.83,588.18,799.13,516.62,798.19,506.59,795.96,,,,,,,1560,0,1560,0
,,,,,,,,,,,902.03,833.23,,,,,644.18,806.96,,,641.98,784.55,307.27,786.36,350.52,765.65,349.65,761.66,293.29,758.86,543.72,741.45,364.89,730.62,367.42,711.47,551.65,719.87,478.67,781,572.57,779.55,582.08,799.11,1077.34,791.12,591.7,799.36,543.84,798.26,509.79,795,,,,,,,1580,0,1580,0
,,,,,,,,,,,917.01,833.78,,,,,656.06,806.95,,,649.94,787.15,310.29,787.23,353.97,765.8,353.19,761.64,296.67,758.78,549.87,741.36,369.02,730.46,371.06,711.75,557.65,719.75,482.1,780.83,580.36,779.76,585.33,799.27,1083.45,790.79,598.74,799.47,561.99,798.22,512.99,794.2,,,,,,,1600,0,1600,0
,,,,,,,,,,,923,833.78,,,,,667.94,806.52,,,659.32,788.25,313.3,787.76,360.88,766.22,360.26,761.55,303.41,758.76,556.01,741.09,373.16,730.28,374.69,711.95,563.65,719.43,488.97,781.01,588.16,779.89,588.58,799.09,1092.62,790.54,605.77,799.72,577.11,798.25,516.19,794.25,,,,,,,1620,0,1620,0
,,,,,,,,,,,931.99,834.45,,,,,679.81,805.81,,,668.69,789.04,316.32,787.47,364.33,766.56,363.79,761.39,306.78,758.83,562.16,740.91,377.3,730.07,378.33,712.07,569.65,719.52,492.41,780.76,592.06,780.51,591.83,798.73,1101.79,790,612.81,799.76,583.16,798.38,522.59,794.5,,,,,,,1640,0,1640,0
,,,,,,,,,,,943.97,834.92,,,,,688.72,806.58,,,674.34,789.02,319.34,787.12,367.78,767.01,370.86,761.47,313.52,758.81,568.3,740.58,381.44,729.88,381.97,712.11,575.65,719.75,495.85,780.91,595.96,781.91,595.08,798.44,1107.9,790.35,616.32,799.6,589.21,798.66,535.39,795,,,,,,,1660,0,1660,0
,,,,,,,,,,,955.95,835.24,,,,,697.63,807,,,679.46,789.24,325.38,787.31,371.23,767.54,381.47,761.75,323.64,758.88,574.44,740.48,385.58,729.7,385.61,712.04,581.65,719.89,499.28,780.89,598.56,782.57,598.33,797.91,1114.02,790.5,623.36,798.92,595.25,799.02,538.77,795.97,,,,,,,1680,0,1680,0
,,,,,,,,,,,964.94,834.32,,,,,712.48,808.35,,,685.45,789.04,328.4,787.35,374.69,768.15,388.54,761.9,327.01,758.95,580.59,739.8,393.85,729.38,389.25,711.92,593.65,720.13,502.72,781.06,602.47,782.97,601.59,797.17,1120.13,790.66,630.4,798.41,598.28,799.13,541.79,798.78,,,,,,,1700,0,1700,0
,,,,,,,,,,,988.91,834.84,,,,,724.36,809.9,,,709.4,788.97,334.43,787.2,378.14,768.67,395.61,762,333.75,758.97,586.73,739.21,397.99,729.24,392.88,711.77,602.65,720.22,509.59,780.89,606.38,782.87,608.09,794.73,1126.24,791.28,633.91,798.57,601.3,798.9,548.19,803.05,,,,,,,1720,0,1720,0
,,,,,,,,,,,1000.89,834.57,,,,,736.24,811.34,,,730.35,788.98,337.45,786.99,381.59,769.06,399.14,761.98,337.12,758.9,592.88,738.68,402.13,729.11,396.52,711.55,608.65,720.28,516.46,780.78,610.29,782.56,611.34,793.83,1132.36,791.06,637.43,799.06,604.33,798.46,551.39,804.22,,,,,,,1740,0,1740,0
,,,,,,,,,,,1030.85,834.41,,,,,739.21,811.57,,,739.33,789.19,343.49,786.59,385.04,769.17,402.68,762,340.49,758.74,602.09,737.75,406.27,729,400.16,711.29,617.65,720.21,523.34,780.81,614.2,782.4,614.59,792.81,1150.56,791.06,640.95,799.73,607.35,798.11,554.59,804.72,,,,,,,1760,0,1760,0
,,,,,,,,,,,1042.84,834.56,,,,,745.15,811.58,,,748.31,789.55,346.5,786.44,388.5,769.34,406.21,762.07,343.86,758.64,608.23,736.85,410.4,728.93,403.8,711.19,623.65,720.14,526.77,780.91,618.11,782.51,617.85,791.46,1168.75,791.32,644.47,800.24,610.38,797.92,557.79,805.04,,,,,,,1780,0,1780,0
,,,,,,,,,,,1048.83,834.79,,,,,754.06,811.73,,,751.3,789.48,349.52,786.24,391.95,769.28,413.28,762.13,347.23,758.49,614.38,736.11,414.54,728.89,411.07,711.27,629.65,719.89,530.21,780.88,622.02,782.95,621.1,790.43,1174.81,791.22,647.99,800.57,616.42,797.97,560.99,805.23,,,,,,,1800,0,1800,0
,,,,,,,,,,,1060.81,834.77,,,,,761.77,811.9636,,,754.3,788.95,352.54,786.07,398.85,769.02,416.82,762.26,350.43,758.2,620.52,735.64,422.82,728.91,414.71,711.33,635.65,719.49,533.64,780.7,625.93,783.57,624.35,789.53,1180.14,789.67,651.5,800.54,622.47,798.23,564.19,805.29,,,,,,,1820,0,1820,0
,,,,,,,,,,,1069.8,834.61,,,,,762.97,812,,,757.29,789.05,355.56,785.96,402.31,769.21,423.89,762.28,358.96,755.22,626.67,735.29,426.95,728.95,418.35,711.34,641.65,719.06,537.08,780.69,629.84,784.38,627.6,788.85,1189.12,782.5,655.02,800.4,625.5,798.43,567.39,804.97,,,,,,,1840,0,1840,0
,,,,,,,,,,,1090.77,834.81,,,,,768.94,812.33,,,763.28,789.52,361.6,785.71,405.76,769.3,427.42,762.38,365.16,747.27,632.81,735.06,431.09,729,421.99,711.05,650.65,717.89,543.95,780.89,637.67,786.46,634.1,788.32,1197.9,783.2,669.09,800.57,628.52,798.56,570.59,804.54,,,,,,,1860,0,1860,0
,,,,,,,,,,,1102.76,835.14,,,,,781.88,812.4402,,,778.24,789.43,364.61,785.53,409.21,769.43,430.55,762.32,369.76,746.2,638.95,734.82,435.23,729.04,425.62,710.69,656.65,717.09,550.83,780.69,641.58,787.17,637.36,788.24,1221.99,784.57,676.13,800.62,634.57,798.35,573.79,804.46,,,,,,,1880,0,1880,0
,,,,,,,,,,,1108.75,835.59,,,,,795.93,812.56,,,784.23,789.93,367.63,785.33,416.12,769.82,433.99,762.3,406.52,746.3,645.1,734.62,439.37,729.22,429.26,710.83,665.65,715.66,557.7,781.15,653.31,787.75,643.86,788.14,1229.35,790.61,690.2,800.48,637.59,798.3,580.19,804.95,,,,,,,1900,0,1900,0
,,,,,,,,,,,1120.73,835.64,,,,,804.93,812.82,,,790.22,791.06,370.65,785.2,419.57,769.92,440.88,762.43,415.61,745.7,651.24,734.45,443.51,729.26,432.9,711.4,671.65,714.95,571.44,780.84,661.13,787.57,647.11,788.13,1235.41,791.9,700.75,800.41,640.62,798.43,583.39,805.05,,,,,,,1920,0,1920,0
,,,,,,,,,,,1126.72,835.21,,,,,813.93,812.61,,,796.2,791.22,373.67,785.16,426.47,769.85,447.76,762.44,421.9,747.27,660.46,734.32,447.64,729.09,436.54,711.36,677.65,714.55,578.31,780.89,668.95,787.64,660.12,788.17,1241.47,792.23,707.79,800.45,646.67,799.05,596.18,805.57,,,,,,,1940,0,1940,0
,,,,,,,,,,,1141.7,835.33,,,,,816.93,812.64,,,802.19,790.66,379.7,785.03,429.93,769.77,451.2,762.48,433.76,748.11,675.82,734.14,451.78,729.01,440.17,711.3,683.65,714.61,585.19,780.72,676.78,788.32,699.14,788.18,1247.53,791.77,725.38,801.01,649.69,799.12,608.98,806.16,,,,,,,1960,0,1960,0
,,,,,,,,,,,1153.69,835.13,,,,,825.92,813.02,,,817.15,790.76,382.72,784.91,433.38,769.67,454.65,762.44,437.76,749.92,681.96,734.02,455.92,729.04,447.45,711.32,689.65,714.5,592.06,780.71,684.6,788.11,702.39,788.17,1259.65,790.02,,,655.74,798.84,612.18,806.33,,,,,,,1980,0,1980,0
,,,,,,,,,,,1168.67,835.1,,,,,831.92,813.09,,,835.11,791.82,385.74,784.64,436.83,769.63,458.09,762.59,444.66,751.81,688.1,734.44,460.06,729.1,451.09,711.09,695.65,714.12,595.5,780.78,692.42,787.61,718.65,788.02,1265.71,790.12,,,661.79,798.51,615.38,806.58,,,,,,,2000,0,2000,0
,,,,,,,,,,,1183.65,835.18,,,,,837.92,813.31,,,844.09,791.38,391.78,784.33,440.28,769.64,464.97,762.59,452.51,753.25,694.25,734.58,464.2,729.17,454.73,710.99,704.65,713.98,598.93,780.63,696.33,787.48,725.24,788.03,1271.77,791.09,,,664.81,798.62,621.78,807.2,,,,,,,2020,0,2020,0
,,,,,,,,,,,1201.62,835.52,,,,,843.92,813.17,,,850.07,791.17,397.81,783.84,443.74,769.69,468.41,762.74,461.86,756.85,700.39,734.52,468.33,729.26,458.36,711.32,710.65,713.84,602.37,780.64,700.24,787.5,735,788.11,1280.87,793.35,,,670.86,798.68,624.98,807.55,,,,,,,2040,0,2040,0
,,,,,,,,,,,1234.58,835.27,,,,,852.92,813.22,,,856.06,791.38,400.83,783.77,450.64,769.63,471.85,762.76,467.16,757.7,706.54,734.54,476.61,729.36,462,711.51,719.65,713.7,609.24,780.89,715.89,787.24,744.75,788.06,1286.93,793.93,,,676.91,798.67,637.78,809.05,,,,,,,2060,0,2060,0
,,,,,,,,,,,1243.57,833.16,,,,,867.92,813.05,,,859.05,791.29,403.85,783.93,454.1,770.1,475.3,762.72,473.16,757.47,715.75,734.46,480.75,729.4,465.64,711.68,728.65,713.35,616.11,780.89,719.8,786.97,757.76,788.14,1296.02,793.38,,,682.96,798.63,647.38,810.12,,,,,,,2080,0,2080,0
,,,,,,,,,,,1252.56,832.89,,,,,873.91,813.15,,,871.02,791.23,406.87,784,461,770.21,482.18,762.82,503.36,758.2,721.9,734.23,484.89,729.48,469.28,711.94,734.65,713.17,622.98,780.63,727.62,786.83,761.01,788.04,1308.14,793.36,,,692.03,798.54,,,,,,,,,2100,0,2100,0
,,,,,,,,,,,1276.52,832.72,,,,,882.91,813.13,,,888.98,791.33,412.9,784.1,467.91,770.29,485.62,762.83,504.19,758.32,728.04,734.14,489.02,729.58,472.92,712.06,740.65,712.94,626.42,780.6,731.53,786.97,764.27,787.64,1332.38,793.64,,,701.11,798.42,,,,,,,,,2120,0,2120,0
,,,,,,,,,,,1297.5,832.28,,,,,894.91,813.19,,,900.95,791.33,415.92,783.97,471.36,770.3,489.06,762.95,507.74,758.44,734.18,734.07,497.3,729.76,476.55,711.82,747.89,712.84,629.86,780.72,735.44,786.88,765.94,787.18,1344.5,793.36,,,710.18,798.27,,,,,,,,,2140,0,2140,0
,,,,,,,,,,,1324.46,831.94,,,,,903.91,813.06,,,912.92,791.21,418.94,783.98,474.81,770.17,492.51,762.91,511.28,758.45,740.33,734.09,505.58,729.96,480.19,711.48,753.89,712.59,636.73,780.66,743.26,786.99,768.14,780.25,1371.81,792.67,,,719.25,798.06,,,,,,,,,2160,0,2160,0
,,,,,,,,,,,1339.44,832.13,,,,,915.91,813.4,,,924.89,791.74,421.96,784.35,478.26,770.1,499.39,762.79,514.82,758.5,749.54,734,517.99,730.29,483.83,711.09,759.89,712.3,643.6,780.72,747.18,786.94,771.55,779.66,1384.12,792.88,,,722.28,797.93,,,,,,,,,2180,0,2180,0
,,,,,,,,,,,1351.42,831.88,,,,,921.9,813.41,,,930.88,791.91,424.98,786.03,481.72,770.08,502.83,762.87,518.37,758.51,755.69,733.86,522.13,730.37,487.47,710.87,765.89,712.51,647.04,780.81,755,787.36,775.94,778.63,1396.43,793.31,,,725.3,798.21,,,,,,,,,2200,0,2200,0
,,,,,,,,,,,1357.41,831.99,,,,,939.9,813.09,,,936.86,791.95,428,786.79,485.17,770.11,506.27,762.82,525.45,758.61,761.83,733.97,526.27,730.43,491.1,711.02,771.89,712.48,650.47,780.72,762.82,787.08,785.16,778.7,1408.73,793.66,,,731.35,799.13,,,,,,,,,2220,0,2220,0
,,,,,,,,,,,1378.39,831.88,,,,,951.9,813.09,,,942.85,791.82,431.01,787.02,488.62,770.2,509.71,762.88,529,758.76,767.97,734.1,530.4,730.47,494.74,711.11,777.89,711.21,657.35,780.69,774.55,786.93,791.31,779.75,1414.88,793.18,,,740.42,800.63,,,,,,,,,2240,0,2240,0
,,,,,,,,,,,1387.37,832.7,,,,,960.9,813.44,,,945.84,791.88,434.03,787.31,492.07,770.39,513.16,762.91,532.54,758.96,777.19,734.11,534.54,730.5,498.38,711.21,783.89,710.38,660.78,780.62,782.37,786.91,796.37,780.25,1424.11,793.04,,,743.45,801.27,,,,,,,,,2260,0,2260,0
,,,,,,,,,,,1390.37,832.78,,,,,969.89,812.96,,,948.84,792.18,440.07,787.36,495.53,769.91,516.6,762.84,536.08,759.3,786.41,734.07,555.23,730.6,502.02,711.24,789.98,709.48,664.22,780.78,790.2,786.49,799.88,781.66,1442.57,793,,,749.49,802.42,,,,,,,,,2280,0,2280,0
,,,,,,,,,,,1399.36,831.96,,,,,975.89,813.26,,,954.82,792.53,443.09,787.45,498.98,769.69,523.48,762.96,539.62,759.34,792.55,734.1,559.37,730.63,505.66,710.93,828.6,706.16,671.09,780.95,798.02,786.44,801.56,781.98,1467.19,793.35,,,752.52,802.78,,,,,,,,,2300,0,2300,0
,,,,,,,,,,,1405.35,831.76,,,,,990.89,814.7,,,969.79,792.93,449.12,787.65,502.43,769.89,526.92,762.99,543.17,759.41,798.69,734.15,571.78,730.69,509.29,710.64,837.91,705.48,674.53,780.98,805.84,785.98,803.42,782.34,1479.49,793.05,,,755.54,803.19,,,,,,,,,2320,0,2320,0
,,,,,,,,,,,1429.32,831.81,,,,,999.89,815.15,,,984.75,793.6,455.16,787.92,505.88,770.06,530.36,763.06,546.71,759.47,807.91,734.57,575.92,730.7,512.93,710.49,849.96,703.39,684.84,780.84,809.75,785.82,806.88,783.21,1488.72,792.76,,,758.57,803.55,,,,,,,,,2340,0,2340,0
,,,,,,,,,,,1447.29,831.55,,,,,1005.89,815.68,,,,,458.18,788.04,509.34,770.13,537.25,762.97,550.25,759.5,817.12,734.64,580.06,730.72,516.57,710.59,860.85,698.79,688.27,781,821.48,786.05,810.01,784.19,1519.49,791.67,,,761.59,803.77,,,,,,,,,2360,0,2360,0
,,,,,,,,,,,1459.27,831.59,,,,,,,,,,,464.21,788.23,516.24,770.16,540.69,762.99,557.34,759.62,823.9,734.96,584.2,730.78,520.21,710.76,880.44,697.17,698.58,780.77,825.4,786.28,813.14,784.94,1534.87,790.97,,,764.62,803.64,,,,,,,,,2380,0,2380,0
,,,,,,,,,,,1468.26,831.47,,,,,,,,,,,470.25,788.39,519.69,769.99,544.13,762.93,560.88,759.64,829.92,735.12,588.33,730.79,523.84,710.91,906.92,698.79,705.45,780.49,833.22,786.88,816.27,785.36,1541.02,790.49,,,773.69,802.96,,,,,,,,,2400,0,2400,0
,,,,,,,,,,,1501.22,831.86,,,,,,,,,,,476.29,788.53,523.15,769.96,551.02,762.85,564.43,759.62,835.93,735.3,592.47,730.86,527.48,711.04,932.69,705.32,708.89,780.43,837.13,787.11,822.54,785.76,1553.33,790.32,,,776.71,802.76,,,,,,,,,2420,0,2420,0
,,,,,,,,,,,1516.2,832.1,,,,,,,,,,,479.3,788.59,526.6,769.86,554.46,762.99,567.97,759.55,841.94,735.67,596.61,730.9,531.12,711.11,939.89,708.25,712.33,780.53,852.77,787.79,825.67,786,1562.56,790.45,,,779.74,802.62,,,,,,,,,2440,0,2440,0
,,,,,,,,,,,1528.18,832.1,,,,,,,,,,,488.36,788.73,530.05,769.68,557.9,763.03,571.51,759.39,847.95,736.66,600.75,730.88,534.76,711.08,945.89,709.67,722.63,780.48,864.51,789.29,831.93,786.86,1574.86,790.49,,,788.81,802.31,,,,,,,,,2460,0,2460,0
,,,,,,,,,,,1534.17,832.27,,,,,,,,,,,500.43,788.85,533.5,769.64,561.34,763.12,575.06,759.29,853.96,737.4,604.89,730.71,538.4,711.09,951.89,710.9,729.51,780.56,872.33,790.04,835.06,786.99,1581.02,790.48,,,797.88,802.19,,,,,,,,,2480,0,2480,0
,,,,,,,,,,,1543.16,831.92,,,,,,,,,,,506.47,788.89,536.96,769.51,564.78,763,578.6,759.34,859.11,736.5,609.02,730.65,542.03,711.03,957.89,712.09,732.94,780.43,876.24,790.49,841.32,786.81,1599.48,790.09,,,803.93,802.16,,,,,,,,,2500,0,2500,0
,,,,,,,,,,,1546.15,832.03,,,,,,,,,,,512.5,788.83,540.41,769.55,568.22,763.17,582.14,759.42,861.91,734.8,613.16,730.69,545.67,710.96,963.89,712.65,739.81,780.66,884.06,791.64,851.3,786.64,1633.32,788.53,,,809.98,802.1,,,,,,,,,2520,0,2520,0
,,,,,,,,,,,1555.14,834.08,,,,,,,,,,,515.52,788.68,543.86,769.44,571.67,763.26,585.69,759.28,870.09,726.9,617.3,730.75,549.31,710.98,969.89,713.25,746.69,780.73,895.79,792.77,858.69,786.45,1651.78,787.68,,,816.03,802,,,,,,,,,2540,0,2540,0
,,,,,,,,,,,1561.13,834.84,,,,,,,,,,,518.54,788.64,547.31,769.3,575.11,763.41,589.23,759.04,888.65,727.1,625.58,730.83,552.95,710.92,975.89,713.7,750.12,780.9,899.7,793.1,866.08,786.31,1657.93,787.61,,,828.13,801.74,,,,,,,,,2560,0,2560,0
,,,,,,,,,,,1573.12,835.28,,,,,,,,,,,521.56,788.58,550.77,769.11,578.55,763.64,592.77,758.89,913.76,728.8,629.71,730.95,556.59,710.84,981.89,714.65,753.56,780.75,903.62,793.14,873.47,786.26,1694.85,788.23,,,840.22,801.37,,,,,,,,,2580,0,2580,0
,,,,,,,,,,,1585.1,834.92,,,,,,,,,,,524.58,788.46,554.22,769.04,581.99,763.77,603.4,759.07,939.03,735.4,633.85,731.16,560.22,710.88,987.89,714.94,763.87,780.87,911.44,793.44,877.16,786.3,1704.08,788.49,,,855.34,800.79,,,,,,,,,2600,0,2600,0
,,,,,,,,,,,1591.09,834.07,,,,,,,,,,,527.6,788.23,557.67,769.06,585.43,763.74,606.94,759.09,944.15,743,637.99,731.02,563.86,711.03,993.89,715.21,770.74,781.15,919.26,793.89,888.25,786.48,1710.23,789.06,,,858.37,800.64,,,,,,,,,2620,0,2620,0
,,,,,,,,,,,1597.08,832.36,,,,,,,,,,,530.61,788.12,561.12,769.17,588.87,763.81,610.49,759.16,950.16,745.98,642.13,730.91,567.5,711.21,999.89,714.36,781.05,780.93,938.81,795.56,891.94,786.67,1722.54,789.1,,,864.42,800.26,,,,,,,,,2640,0,2640,0
,,,,,,,,,,,1603.08,831.69,,,,,,,,,,,533.63,788.05,564.58,769.15,592.32,764.02,617.57,759.32,,,646.27,730.87,578.41,711.81,1005.89,715.22,791.36,780.92,,,895.63,786.63,1728.69,789,,,870.47,799.79,,,,,,,,,2660,0,2660,0
,,,,,,,,,,,1615.06,833.72,,,,,,,,,,,536.65,788.02,571.48,769.06,595.76,764.32,621.12,759.35,,,650.4,730.85,582.05,711.97,1011.89,715.54,798.23,781.04,,,899.33,786.41,1741,788.41,,,873.49,799.52,,,,,,,,,2680,0,2680,0
,,,,,,,,,,,1624.05,835.71,,,,,,,,,,,539.67,788.07,574.93,769.04,602.64,765.14,624.66,759.26,,,654.54,730.82,586.14,711.92,1017.89,715.66,805.1,781.34,,,903.02,786.34,1753.3,788.35,,,882.56,798.79,,,,,,,,,2700,0,2700,0
,,,,,,,,,,,,,,,,,,,,,,,542.69,787.98,578.39,768.92,606.08,765.33,628.2,759.09,,,662.82,730.86,589.17,712.01,1026.89,714.81,808.54,781.28,,,910.41,786.79,1765.61,788.19,,,885.59,798.58,,,,,,,,,2720,0,2720,0
,,,,,,,,,,,,,,,,,,,,,,,545.7,787.8,581.84,768.76,609.53,765.46,631.75,759.12,,,666.96,730.89,592.19,712.34,1032.89,715.23,811.97,781.49,,,917.8,787.03,1780.99,787.77,,,888.61,798.32,,,,,,,,,2740,0,2740,0
,,,,,,,,,,,,,,,,,,,,,,,548.72,787.74,585.29,768.75,612.97,765.65,635.29,759.32,,,671.09,730.93,595.22,712.72,1038.41,715.47,815.41,781.52,,,921.49,787.25,1799.45,787.77,,,891.64,798.21,,,,,,,,,2760,0,2760,0
,,,,,,,,,,,,,,,,,,,,,,,551.74,787.63,588.74,768.71,616.41,765.78,638.83,759.54,,,675.23,730.96,598.25,713.11,1044.41,715.55,818.85,781.14,,,925.19,787.66,1811.75,787.82,,,894.66,798.26,,,,,,,,,2780,0,2780,0
,,,,,,,,,,,,,,,,,,,,,,,554.76,787.56,592.2,768.61,619.85,766.02,642.38,759.77,,,679.37,730.98,601.27,713.51,1053.41,715.09,822.28,781.02,,,928.88,787.92,1820.98,788.09,,,897.68,798.8,,,,,,,,,2800,0,2800,0
,,,,,,,,,,,,,,,,,,,,,,,557.78,787.59,595.65,768.67,630.18,766.65,645.92,759.85,,,683.51,731.03,604.3,713.86,1059.41,714.67,825.72,781.37,,,932.57,788.36,1827.14,788.14,,,900.71,799.13,,,,,,,,,2820,0,2820,0
,,,,,,,,,,,,,,,,,,,,,,,563.81,787.54,599.1,768.83,633.62,766.84,649.46,759.95,,,687.65,731.07,607.33,713.92,1065.41,714.3,829.15,781.85,,,936.27,788.92,1839.44,788.71,,,906.76,799.42,,,,,,,,,2840,0,2840,0
,,,,,,,,,,,,,,,,,,,,,,,569.85,787.59,602.55,768.79,637.06,766.89,656.55,760.19,,,691.78,731.1,608.85,711.47,1071.41,714.35,832.59,782.15,,,939.96,789.77,1848.67,789.59,,,912.81,799.04,,,,,,,,,2860,0,2860,0
,,,,,,,,,,,,,,,,,,,,,,,575.89,787.57,606.01,768.8,643.94,767.36,660.09,760.32,,,695.92,731.14,612.95,705.47,1077.41,714.26,836.03,782.27,,,943.66,789.93,1854.82,789.27,,,918.85,798.77,,,,,,,,,2880,0,2880,0
,,,,,,,,,,,,,,,,,,,,,,,578.91,787.65,609.46,768.85,647.38,767.63,663.64,760.42,,,700.06,731.13,616.18,704.3,1092.41,714.19,839.46,781.94,,,947.35,789.19,1867.13,789.79,,,924.9,798.45,,,,,,,,,2900,0,2900,0
,,,,,,,,,,,,,,,,,,,,,,,581.92,787.7,612.91,768.94,650.83,767.96,667.18,760.46,,,704.2,731.46,626.27,704.5,1098.41,714.17,842.9,781.76,,,951.04,788.61,1873.28,789.43,,,930.95,798.02,,,,,,,,,2920,0,2920,0
,,,,,,,,,,,,,,,,,,,,,,,584.94,787.63,616.36,768.85,654.27,768.32,670.72,760.39,,,708.33,731.96,636.12,705.2,1107.41,714.19,846.34,781.77,,,954.74,788.77,1885.59,788.06,,,933.98,797.61,,,,,,,,,2940,0,2940,0
,,,,,,,,,,,,,,,,,,,,,,,587.96,787.66,619.82,768.68,657.71,768.74,674.26,760.25,,,712.47,732.25,644.14,705.47,1113.41,713.85,849.77,782.13,,,958.43,789.23,1894.82,788.2,,,940.02,796.97,,,,,,,,,2960,0,2960,0
,,,,,,,,,,,,,,,,,,,,,,,590.98,787.75,623.27,768.58,661.15,769.2,677.81,760.12,,,716.61,732.46,651.82,706.27,1119.41,713.7,853.21,781.89,,,962.13,789.54,1900.97,788.23,,,943.05,797,,,,,,,,,2980,0,2980,0
,,,,,,,,,,,,,,,,,,,,,,,594,787.82,626.72,768.59,664.59,769.39,681.35,760,,,720.75,732.78,661.79,706.17,1125.41,713.54,856.64,781.83,,,965.82,789.59,1907.12,788.78,,,946.07,796.86,,,,,,,,,3000,0,3000,0
,,,,,,,,,,,,,,,,,,,,,,,597.01,787.81,630.17,768.71,668.04,769.5,684.89,760.04,,,724.89,733.13,671.61,706,1134.41,713.49,860.08,782.04,,,973.21,789.56,1916.35,788.92,,,952.12,796.69,,,,,,,,,3020,0,3020,0
,,,,,,,,,,,,,,,,,,,,,,,600.03,787.85,633.63,768.78,671.48,769.73,688.44,760.17,,,729.02,733.5,674.62,706.97,1140.41,713.73,863.52,782.62,,,980.6,789.47,1925.58,788.92,,,961.19,796.71,,,,,,,,,3040,0,3040,0
,,,,,,,,,,,,,,,,,,,,,,,606.07,787.71,637.08,768.71,674.92,770.01,691.98,760.42,,,733.16,733.83,682.67,706.97,1146.41,713.74,866.95,782.85,,,987.99,789.43,1937.89,789.29,,,970.27,796.61,,,,,,,,,3060,0,3060,0
,,,,,,,,,,,,,,,,,,,,,,,612.11,787.73,640.53,768.78,678.36,770.21,695.52,760.64,,,737.3,733.72,692.21,709.97,1152.41,714.08,873.82,783.15,,,999.07,789.45,1947.12,789.94,,,979.34,796.55,,,,,,,,,3080,0,3080,0
,,,,,,,,,,,,,,,,,,,,,,,618.14,787.76,643.98,768.68,685.24,770.28,699.07,760.68,,,741.44,733.56,695.1,710.04,1161.41,713.88,880.7,783.57,,,1002.76,789.36,1965.58,792.12,,,985.39,796.48,,,,,,,,,3100,0,3100,0
,,,,,,,,,,,,,,,,,,,,,,,621.16,787.7,647.44,768.43,699.01,770.29,702.61,760.78,,,745.58,733.74,698.13,710.35,1167.41,713.93,887.57,783.53,,,1006.46,789.32,1971.73,793.04,,,991.44,796.38,,,,,,,,,3120,0,3120,0
,,,,,,,,,,,,,,,,,,,,,,,627.2,787.76,650.89,768.61,709.34,770.36,706.15,761.07,,,749.71,734.17,701.16,710.72,1176.41,713.98,897.88,783.24,,,1010.15,789.33,1977.88,794.43,,,1000.51,796.59,,,,,,,,,3140,0,3140,0
,,,,,,,,,,,,,,,,,,,,,,,630.21,787.78,654.34,768.69,716.22,770.46,709.7,761.31,,,753.85,734.46,704.18,711.11,1185.41,714.11,901.31,783.18,,,1013.84,789.41,1987.11,796.65,,,1003.53,796.96,,,,,,,,,3160,0,3160,0
,,,,,,,,,,,,,,,,,,,,,,,633.23,787.87,657.79,768.61,723.1,770.52,730.95,761.85,,,757.99,734.73,707.21,711.52,1191.41,714.02,904.75,782.83,,,1017.54,789.59,1996.34,798.82,,,1006.56,797.16,,,,,,,,,3180,0,3180,0
,,,,,,,,,,,,,,,,,,,,,,,636.25,788.14,661.25,768.67,726.55,770.43,734.5,761.87,,,762.13,735.06,710.24,711.9,1197.41,713.83,911.62,782.96,,,1021.23,789.72,,,,,1012.61,797.44,,,,,,,,,3200,0,3200,0
,,,,,,,,,,,,,,,,,,,,,,,639.27,788.47,668.15,768.72,729.99,770.27,738.04,761.84,,,766.27,735.35,713.26,712.21,1203.41,714.11,915.06,783.12,,,1024.93,789.9,,,,,1018.66,797.62,,,,,,,,,3220,0,3220,0
,,,,,,,,,,,,,,,,,,,,,,,645.31,789.35,671.6,768.81,733.43,770.22,741.58,761.74,,,770.4,735.47,716.29,712.43,1209.41,714.05,925.37,782.79,,,1028.62,790.27,,,,,1021.68,797.84,,,,,,,,,3240,0,3240,0
,,,,,,,,,,,,,,,,,,,,,,,648.32,789.82,675.06,768.88,736.87,770.2,748.67,761.62,,,774.54,735.72,719.32,712.6,1215.41,713.73,928.8,782.89,,,1036.01,791.13,,,,,1024.7,798.12,,,,,,,,,3260,0,3260,0
,,,,,,,,,,,,,,,,,,,,,,,651.34,790.17,681.96,768.79,740.31,770.67,752.21,761.63,,,778.68,735.98,721.76,712.72,1221.41,713.88,942.55,783.05,,,1039.7,791.72,,,,,1030.75,798.2,,,,,,,,,3280,0,3280,0
,,,,,,,,,,,,,,,,,,,,,,,654.36,790.31,685.41,768.57,743.75,771.31,755.76,761.74,,,782.82,736.23,725.28,713,1227.41,713.99,949.42,783.2,,,1043.4,792.72,,,,,1033.78,798.29,,,,,,,,,3300,0,3300,0
,,,,,,,,,,,,,,,,,,,,,,,657.38,790.37,688.87,768.38,747.2,771.02,759.3,761.88,,,791.09,736.44,728.81,713.25,1236.41,713.77,952.86,783.22,,,1047.09,793.61,,,,,1036.8,798.49,,,,,,,,,3320,0,3320,0
,,,,,,,,,,,,,,,,,,,,,,,660.4,790.36,695.77,768.31,750.64,770.82,762.84,761.71,,,795.23,736.57,732.33,713.38,1242.41,713.5,959.73,783.14,,,1050.79,794,,,,,1039.83,798.78,,,,,,,,,3340,0,3340,0
,,,,,,,,,,,,,,,,,,,,,,,663.41,790.29,702.68,768.38,757.52,770.56,766.39,761.42,,,799.37,736.65,735.85,713.39,1251.41,712.96,966.6,783.3,,,1054.48,794.16,,,,,1042.85,798.89,,,,,,,,,3360,0,3360,0
,,,,,,,,,,,,,,,,,,,,,,,666.43,790.35,709.58,768.2,760.96,770.46,769.93,761.51,,,803.51,736.6,739.37,713.43,1257.41,712.87,970.04,783.51,,,1058.17,794.43,,,,,1054.95,798.47,,,,,,,,,3380,0,3380,0
,,,,,,,,,,,,,,,,,,,,,,,669.45,790.45,713.03,768.3,771.29,770.22,773.47,761.77,,,807.65,736.64,742.89,713.46,1263.41,712.73,976.91,783.45,,,1065.56,795.02,,,,,1064.02,798.59,,,,,,,,,3400,0,3400,0
,,,,,,,,,,,,,,,,,,,,,,,675.49,790.56,719.94,768.58,778.17,770.12,777.02,761.87,,,811.78,736.75,746.41,713.41,1270.63,712.7,980.35,783.34,,,1072.95,795.83,,,,,1073.09,798.63,,,,,,,,,3420,0,3420,0
,,,,,,,,,,,,,,,,,,,,,,,678.51,790.55,723.39,768.89,785.06,770.04,780.56,761.89,,,815.92,736.82,749.93,713.32,1276.63,712.51,987.22,783.29,,,,,,,,,1076.12,798.68,,,,,,,,,3440,0,3440,0
,,,,,,,,,,,,,,,,,,,,,,,684.54,790.58,730.3,768.85,788.5,770.09,784.1,761.93,,,820.06,737.03,756.98,713.31,1282.63,712.38,990.65,783.63,,,,,,,,,1082.17,798.84,,,,,,,,,3460,0,3460,0
,,,,,,,,,,,,,,,,,,,,,,,690.58,790.58,733.75,768.7,791.94,770.19,787.65,762.02,,,824.2,737.16,760.5,713.33,1288.63,712.4,994.09,783.77,,,,,,,,,1085.19,799.01,,,,,,,,,3480,0,3480,0
,,,,,,,,,,,,,,,,,,,,,,,693.6,790.53,740.65,768.8,795.38,770.13,791.19,762,,,828.34,737.19,764.02,713.39,1294.63,712.81,997.53,783.71,,,,,,,,,1088.21,798.87,,,,,,,,,3500,0,3500,0
,,,,,,,,,,,,,,,,,,,,,,,696.61,790.56,747.56,769.19,798.82,770.12,794.73,762.08,,,836.61,737.17,767.54,713.42,1300.63,712.69,1000.96,783.47,,,,,,,,,1094.26,798.01,,,,,,,,,3520,0,3520,0
,,,,,,,,,,,,,,,,,,,,,,,702.65,790.46,751.01,769.36,802.26,769.93,798.27,762.26,,,840.75,737.24,771.06,713.27,1306.63,712.88,1004.4,783.44,,,,,,,,,1097.29,797.99,,,,,,,,,3540,0,3540,0
,,,,,,,,,,,,,,,,,,,,,,,705.67,790.31,754.46,769.19,805.71,769.2,801.82,762.41,,,844.89,737.28,778.11,713.15,1312.63,712.39,1018.14,783.53,,,,,,,,,1103.33,797.77,,,,,,,,,3560,0,3560,0
,,,,,,,,,,,,,,,,,,,,,,,708.69,790.19,757.92,769.14,809.15,768.25,805.36,762.52,,,849.02,737.34,785.15,712.99,1318.63,712.17,1021.58,783.49,,,,,,,,,1112.41,797.19,,,,,,,,,3580,0,3580,0
,,,,,,,,,,,,,,,,,,,,,,,711.71,790.2,761.37,768.99,812.59,767.54,812.45,762.7,,,853.16,737.3,788.67,712.93,1324.63,712.27,1025.02,783.75,,,,,,,,,1115.43,797.16,,,,,,,,,3600,0,3600,0
,,,,,,,,,,,,,,,,,,,,,,,714.72,790.34,764.82,768.68,816.03,767.53,819.53,762.84,,,857.3,737.51,792.19,712.89,1330.63,712.55,1028.45,783.83,,,,,,,,,1121.48,797.62,,,,,,,,,3620,0,3620,0
,,,,,,,,,,,,,,,,,,,,,,,717.74,790.39,771.73,768.62,822.92,767.3,823.08,762.98,,,861.44,737.5,799.23,712.91,1336.63,713.16,1035.32,783.79,,,,,,,,,1124.5,797.77,,,,,,,,,3640,0,3640,0
,,,,,,,,,,,,,,,,,,,,,,,726.8,790.24,778.63,768.85,826.36,766.87,,,,,865.58,737.5,802.76,712.93,1342.63,713.31,1038.76,783.89,,,,,,,,,1130.55,798.52,,,,,,,,,3660,0,3660,0
,,,,,,,,,,,,,,,,,,,,,,,729.81,790.29,782.08,769.04,829.8,765.95,,,,,869.71,737.16,813.32,713.02,1348.63,713.52,1045.63,783.97,,,,,,,,,1133.58,799.02,,,,,,,,,3680,0,3680,0
,,,,,,,,,,,,,,,,,,,,,,,,,785.54,769.2,833.24,764.53,,,,,873.85,736.86,816.84,713.03,1354.63,714.3,1052.5,783.87,,,,,,,,,1136.6,799.06,,,,,,,,,3700,0,3700,0
,,,,,,,,,,,,,,,,,,,,,,,,,792.44,769.32,836.68,763.03,,,,,877.99,736.81,820.36,713.06,1360.63,714.54,1059.38,784.08,,,,,,,,,1139.62,798.94,,,,,,,,,3720,0,3720,0
,,,,,,,,,,,,,,,,,,,,,,,,,795.89,769.5,840.12,761.47,,,,,882.13,736.73,827.4,713.08,1369.63,714.93,1066.25,783.9,,,,,,,,,1142.65,798.69,,,,,,,,,3740,0,3740,0
,,,,,,,,,,,,,,,,,,,,,,,,,799.35,769.72,843.57,760.3,,,,,886.27,736.58,834.45,713.06,1378.63,715.4,1069.69,783.7,,,,,,,,,1145.67,798.36,,,,,,,,,3760,0,3760,0
,,,,,,,,,,,,,,,,,,,,,,,,,802.8,769.9,847.01,759.65,,,,,898.68,736.19,837.97,713.07,1384.63,716.18,1076.56,784.02,,,,,,,,,1148.7,798.61,,,,,,,,,3780,0,3780,0
,,,,,,,,,,,,,,,,,,,,,,,,,806.25,769.97,850.45,759.41,,,,,902.82,736.05,841.49,713.05,1393.63,716.02,1079.99,784.07,,,,,,,,,1151.72,799.09,,,,,,,,,3800,0,3800,0
,,,,,,,,,,,,,,,,,,,,,,,,,813.16,770.05,853.89,759.04,,,,,906.96,735.9,845.01,713.04,1399.63,716.02,1083.43,784.25,,,,,,,,,1154.75,799.32,,,,,,,,,3820,0,3820,0
,,,,,,,,,,,,,,,,,,,,,,,,,816.61,770.15,860.77,759.86,,,,,911.09,735.73,848.53,713.05,1405.63,716.11,1086.87,784.58,,,,,,,,,1157.77,799.05,,,,,,,,,3840,0,3840,0
,,,,,,,,,,,,,,,,,,,,,,,,,820.06,770.48,864.22,760.14,,,,,915.23,735.6,855.58,713.11,1414.63,716.23,1093.74,784.53,,,,,,,,,1160.79,798.87,,,,,,,,,3860,0,3860,0
,,,,,,,,,,,,,,,,,,,,,,,,,823.51,770.53,867.66,760.34,,,,,919.37,735.51,859.1,713.13,1420.63,716.28,1097.17,784.66,,,,,,,,,1175.91,798.91,,,,,,,,,3880,0,3880,0
,,,,,,,,,,,,,,,,,,,,,,,,,826.97,770.63,871.1,760.42,,,,,923.51,735.49,866.14,713.15,1426.63,716.32,1104.05,785.18,,,,,,,,,1184.99,799.01,,,,,,,,,3900,0,3900,0
,,,,,,,,,,,,,,,,,,,,,,,,,830.42,770.75,874.54,760.4,,,,,927.65,735.56,869.66,713.19,1432.63,716.27,1107.48,785.29,,,,,,,,,1191.04,799.14,,,,,,,,,3920,0,3920,0
,,,,,,,,,,,,,,,,,,,,,,,,,837.32,770.96,881.43,761.09,,,,,931.78,735.38,873.18,713.26,1441.63,716.31,1114.36,785.31,,,,,,,,,1197.08,799.37,,,,,,,,,3940,0,3940,0
,,,,,,,,,,,,,,,,,,,,,,,,,851.13,771.32,884.87,761.66,,,,,940.06,735.21,876.7,713.27,1450.63,716.41,1124.66,785.73,,,,,,,,,1200.11,800.02,,,,,,,,,3960,0,3960,0
,,,,,,,,,,,,,,,,,,,,,,,,,854.59,771.49,888.31,762.15,,,,,944.2,735.03,880.23,713.24,1465.63,716.58,1138.41,786.03,,,,,,,,,1203.13,800.23,,,,,,,,,3980,0,3980,0
,,,,,,,,,,,,,,,,,,,,,,,,,858.04,771.79,891.75,762.58,,,,,948.34,734.81,883.75,713.2,1471.63,716.72,1145.28,786.29,,,,,,,,,1206.16,800.24,,,,,,,,,4000,0,4000,0
,,,,,,,,,,,,,,,,,,,,,,,,,861.49,772.17,895.19,763.14,,,,,952.47,734.65,887.27,713.19,1480.63,717,1148.72,786.26,,,,,,,,,1209.18,799.72,,,,,,,,,4020,0,4020,0
,,,,,,,,,,,,,,,,,,,,,,,,,864.94,772.65,898.63,763.63,,,,,956.61,734.53,890.79,713.13,1489.63,717.19,1152.15,786.36,,,,,,,,,1212.2,799.46,,,,,,,,,4040,0,4040,0
,,,,,,,,,,,,,,,,,,,,,,,,,868.4,772.77,902.08,763.65,,,,,960.75,734.21,894.31,712.98,1495.63,717.28,1176.21,788.61,,,,,,,,,1218.25,799.41,,,,,,,,,4060,0,4060,0
,,,,,,,,,,,,,,,,,,,,,,,,,875.3,772.84,905.52,763.8,,,,,964.89,734.11,897.83,712.79,1504.63,717.51,1183.08,789.12,,,,,,,,,1224.3,799.41,,,,,,,,,4080,0,4080,0
,,,,,,,,,,,,,,,,,,,,,,,,,878.75,773.02,908.96,763.85,,,,,969.02,733.99,901.35,712.69,1510.63,718.08,1186.51,789.47,,,,,,,,,1227.33,799.59,,,,,,,,,4100,0,4100,0
,,,,,,,,,,,,,,,,,,,,,,,,,882.21,773.17,912.4,763.95,,,,,973.16,733.83,904.87,712.68,1516.63,717.83,1189.95,789.65,,,,,,,,,1230.35,799.9,,,,,,,,,4120,0,4120,0
,,,,,,,,,,,,,,,,,,,,,,,,,885.66,773.21,915.84,764.12,,,,,977.3,733.63,908.4,712.69,1525.63,717.94,1193.39,789.69,,,,,,,,,1233.37,799.91,,,,,,,,,4140,0,4140,0
,,,,,,,,,,,,,,,,,,,,,,,,,889.11,773.22,926.17,763.92,,,,,981.44,733.49,911.92,712.68,1531.63,718.66,1196.82,789.97,,,,,,,,,1236.4,799.66,,,,,,,,,4160,0,4160,0
,,,,,,,,,,,,,,,,,,,,,,,,,892.56,773.37,936.49,763.69,,,,,989.71,733.34,915.44,712.44,1537.63,719.17,1207.13,790.54,,,,,,,,,1239.42,799.36,,,,,,,,,4180,0,4180,0
,,,,,,,,,,,,,,,,,,,,,,,,,899.47,773.84,939.94,763.72,,,,,993.85,733.2,918.96,712.31,1543.63,719.75,1217.44,791.26,,,,,,,,,1248.49,799.22,,,,,,,,,4200,0,4200,0
,,,,,,,,,,,,,,,,,,,,,,,,,902.92,774.12,943.38,763.81,,,,,997.99,733.09,922.48,712.23,1549.63,720.17,1224.31,791.43,,,,,,,,,1251.52,799.42,,,,,,,,,4220,0,4220,0
,,,,,,,,,,,,,,,,,,,,,,,,,906.37,773.84,950.26,764.09,,,,,1002.13,733.04,926,711.92,1555.63,720.48,1227.75,791.71,,,,,,,,,1254.54,799.44,,,,,,,,,4240,0,4240,0
,,,,,,,,,,,,,,,,,,,,,,,,,909.83,773.59,953.7,764.29,,,,,1006.27,732.87,929.52,711.59,,,,,,,,,,,,,1257.57,799.31,,,,,,,,,4260,0,4260,0
,,,,,,,,,,,,,,,,,,,,,,,,,913.28,773.47,957.14,764.53,,,,,1010.4,732.97,933.05,711.46,,,,,,,,,,,,,1263.62,800.02,,,,,,,,,4280,0,4280,0
,,,,,,,,,,,,,,,,,,,,,,,,,916.73,773.64,960.59,764.5,,,,,1014.54,733.02,936.57,711.72,,,,,,,,,,,,,1278.74,800.87,,,,,,,,,4300,0,4300,0
,,,,,,,,,,,,,,,,,,,,,,,,,920.18,773.89,964.03,764.38,,,,,1018.68,733.08,940.09,712.31,,,,,,,,,,,,,1281.76,801.02,,,,,,,,,4320,0,4320,0
,,,,,,,,,,,,,,,,,,,,,,,,,923.64,773.93,967.47,764.5,,,,,1022.82,733.28,943.61,712.98,,,,,,,,,,,,,1287.81,801.15,,,,,,,,,4340,0,4340,0
,,,,,,,,,,,,,,,,,,,,,,,,,927.09,774,974.35,764.7,,,,,1031.09,733.2,947.13,713.46,,,,,,,,,,,,,1290.83,800.71,,,,,,,,,4360,0,4360,0
,,,,,,,,,,,,,,,,,,,,,,,,,930.54,773.92,981.24,764.42,,,,,1039.37,733.36,950.65,714.17,,,,,,,,,,,,,1293.86,799.97,,,,,,,,,4380,0,4380,0
,,,,,,,,,,,,,,,,,,,,,,,,,933.99,774.09,984.68,764.32,,,,,1043.51,733.32,954.17,715.22,,,,,,,,,,,,,1296.88,798.94,,,,,,,,,4400,0,4400,0
,,,,,,,,,,,,,,,,,,,,,,,,,937.45,774.18,988.12,764.28,,,,,1047.65,733.14,957.7,716.35,,,,,,,,,,,,,1299.91,798.02,,,,,,,,,4420,0,4420,0
,,,,,,,,,,,,,,,,,,,,,,,,,940.9,774.34,998.45,763.98,,,,,1051.78,733.02,961.22,717.49,,,,,,,,,,,,,1302.93,797.67,,,,,,,,,4440,0,4440,0
,,,,,,,,,,,,,,,,,,,,,,,,,947.8,774.08,1001.89,764.16,,,,,1055.92,733.06,964.74,718.66,,,,,,,,,,,,,1305.95,797.49,,,,,,,,,4460,0,4460,0
,,,,,,,,,,,,,,,,,,,,,,,,,951.26,774.22,1008.77,764.61,,,,,1060.06,733.04,968.26,719.84,,,,,,,,,,,,,1312,797.57,,,,,,,,,4480,0,4480,0
,,,,,,,,,,,,,,,,,,,,,,,,,958.16,774.89,1012.21,764.79,,,,,1064.2,732.99,971.78,721.04,,,,,,,,,,,,,1324.1,797.54,,,,,,,,,4500,0,4500,0
,,,,,,,,,,,,,,,,,,,,,,,,,961.61,775.37,1015.65,764.83,,,,,1068.34,732.96,975.3,722.27,,,,,,,,,,,,,1336.2,797.56,,,,,,,,,4520,0,4520,0
,,,,,,,,,,,,,,,,,,,,,,,,,965.07,775.99,1022.54,764.86,,,,,1072.47,732.98,978.82,723.52,,,,,,,,,,,,,1342.24,797.61,,,,,,,,,4540,0,4540,0
,,,,,,,,,,,,,,,,,,,,,,,,,968.52,776.57,1025.98,764.92,,,,,1076.61,732.92,982.34,724.81,,,,,,,,,,,,,1351.32,797.79,,,,,,,,,4560,0,4560,0
,,,,,,,,,,,,,,,,,,,,,,,,,971.97,777.55,1029.42,765.01,,,,,1080.75,732.75,985.87,726.12,,,,,,,,,,,,,1354.34,798.07,,,,,,,,,4580,0,4580,0
,,,,,,,,,,,,,,,,,,,,,,,,,975.42,778.47,1032.86,765.17,,,,,1084.89,732.62,989.39,727.46,,,,,,,,,,,,,1357.36,798.44,,,,,,,,,4600,0,4600,0
,,,,,,,,,,,,,,,,,,,,,,,,,978.88,779.3,1036.31,765.41,,,,,1089.03,732.63,,,,,,,,,,,,,,,1360.39,798.98,,,,,,,,,4620,0,4620,0
,,,,,,,,,,,,,,,,,,,,,,,,,982.33,780.03,1039.75,765.61,,,,,1093.16,732.61,,,,,,,,,,,,,,,1366.44,800.25,,,,,,,,,4640,0,4640,0
,,,,,,,,,,,,,,,,,,,,,,,,,985.78,780.72,1043.19,765.89,,,,,1097.3,732.53,,,,,,,,,,,,,,,1369.46,800.8,,,,,,,,,4660,0,4660,0
,,,,,,,,,,,,,,,,,,,,,,,,,989.23,782.06,1046.63,766.35,,,,,1101.44,732.5,,,,,,,,,,,,,,,1378.53,802.2,,,,,,,,,4680,0,4680,0
,,,,,,,,,,,,,,,,,,,,,,,,,992.69,783.75,1050.07,766.63,,,,,1105.58,732.65,,,,,,,,,,,,,,,1384.58,803.1,,,,,,,,,4700,0,4700,0
,,,,,,,,,,,,,,,,,,,,,,,,,996.14,785.56,1053.51,766.52,,,,,1109.71,732.95,,,,,,,,,,,,,,,1393.65,804.32,,,,,,,,,4720,0,4720,0
,,,,,,,,,,,,,,,,,,,,,,,,,,,1056.96,766.37,,,,,1113.85,732.94,,,,,,,,,,,,,,,,,,,,,,,,,4740,0,4740,0
,,,,,,,,,,,,,,,,,,,,,,,,,,,1060.4,766.69,,,,,1117.99,733.04,,,,,,,,,,,,,,,,,,,,,,,,,4760,0,4760,0
,,,,,,,,,,,,,,,,,,,,,,,,,,,1063.84,767.53,,,,,1122.13,732.61,,,,,,,,,,,,,,,,,,,,,,,,,4780,0,4780,0
,,,,,,,,,,,,,,,,,,,,,,,,,,,1067.28,767.84,,,,,1126.27,732.75,,,,,,,,,,,,,,,,,,,,,,,,,4800,0,4800,0
,,,,,,,,,,,,,,,,,,,,,,,,,,,1074.16,768.08,,,,,1134.54,732.77,,,,,,,,,,,,,,,,,,,,,,,,,4820,0,4820,0
,,,,,,,,,,,,,,,,,,,,,,,,,,,1077.61,768.32,,,,,1138.68,732.79,,,,,,,,,,,,,,,,,,,,,,,,,4840,0,4840,0
,,,,,,,,,,,,,,,,,,,,,,,,,,,1084.49,768.99,,,,,1142.82,732.74,,,,,,,,,,,,,,,,,,,,,,,,,4860,0,4860,0
,,,,,,,,,,,,,,,,,,,,,,,,,,,1091.37,769.39,,,,,1146.96,733.01,,,,,,,,,,,,,,,,,,,,,,,,,4880,0,4880,0
,,,,,,,,,,,,,,,,,,,,,,,,,,,1105.14,770.32,,,,,1151.09,733.26,,,,,,,,,,,,,,,,,,,,,,,,,4900,0,4900,0
,,,,,,,,,,,,,,,,,,,,,,,,,,,1108.58,770.53,,,,,1155.23,733.24,,,,,,,,,,,,,,,,,,,,,,,,,4920,0,4920,0
,,,,,,,,,,,,,,,,,,,,,,,,,,,1112.02,770.68,,,,,1160.06,733.13,,,,,,,,,,,,,,,,,,,,,,,,,4940,0,4940,0
,,,,,,,,,,,,,,,,,,,,,,,,,,,1115.47,770.8,,,,,1180.81,734.58,,,,,,,,,,,,,,,,,,,,,,,,,4960,0,4960,0
,,,,,,,,,,,,,,,,,,,,,,,,,,,1122.35,771.07,,,,,1186.81,735.69,,,,,,,,,,,,,,,,,,,,,,,,,4980,0,4980,0
,,,,,,,,,,,,,,,,,,,,,,,,,,,1132.67,771.56,,,,,1197.61,737.67,,,,,,,,,,,,,,,,,,,,,,,,,5000,0,5000,0
,,,,,,,,,,,,,,,,,,,,,,,,,,,1139.56,771.87,,,,,,,,,,,,,,,,,,,,,,,,,,,,,,,5020,0,5020,0
,,,,,,,,,,,,,,,,,,,,,,,,,,,1143,772.06,,,,,,,,,,,,,,,,,,,,,,,,,,,,,,,5040,0,5040,0
,,,,,,,,,,,,,,,,,,,,,,,,,,,,,,,,,,,,,,,,,,,,,,,,,,,,,,,,,,,5060,0,5060,0
,,,,,,,,,,,,,,,,,,,,,,,,,,,,,,,,,,,,,,,,,,,,,,,,,,,,,,,,,,,5080,0,5080,0
,,,,,,,,,,,,,,,,,,,,,,,,,,,,,,,,,,,,,,,,,,,,,,,,,,,,,,,,,,,5100,0,5100,0
,,,,,,,,,,,,,,,,,,,,,,,,,,,,,,,,,,,,,,,,,,,,,,,,,,,,,,,,,,,5120,0,5120,0
,,,,,,,,,,,,,,,,,,,,,,,,,,,,,,,,,,,,,,,,,,,,,,,,,,,,,,,,,,,5140,0,5140,0
,,,,,,,,,,,,,,,,,,,,,,,,,,,,,,,,,,,,,,,,,,,,,,,,,,,,,,,,,,,5160,0,5160,0
,,,,,,,,,,,,,,,,,,,,,,,,,,,,,,,,,,,,,,,,,,,,,,,,,,,,,,,,,,,5180,0,5180,0
,,,,,,,,,,,,,,,,,,,,,,,,,,,,,,,,,,,,,,,,,,,,,,,,,,,,,,,,,,,5200,0,5200,0
,,,,,,,,,,,,,,,,,,,,,,,,,,,,,,,,,,,,,,,,,,,,,,,,,,,,,,,,,,,5220,0,5220,0
,,,,,,,,,,,,,,,,,,,,,,,,,,,,,,,,,,,,,,,,,,,,,,,,,,,,,,,,,,,5240,0,5240,0
,,,,,,,,,,,,,,,,,,,,,,,,,,,,,,,,,,,,,,,,,,,,,,,,,,,,,,,,,,,5260,0,5260,0
,,,,,,,,,,,,,,,,,,,,,,,,,,,,,,,,,,,,,,,,,,,,,,,,,,,,,,,,,,,5280,0,5280,0
,,,,,,,,,,,,,,,,,,,,,,,,,,,,,,,,,,,,,,,,,,,,,,,,,,,,,,,,,,,5300,0,5300,0
,,,,,,,,,,,,,,,,,,,,,,,,,,,,,,,,,,,,,,,,,,,,,,,,,,,,,,,,,,,5320,0,5320,0
,,,,,,,,,,,,,,,,,,,,,,,,,,,,,,,,,,,,,,,,,,,,,,,,,,,,,,,,,,,5340,0,5340,0
,,,,,,,,,,,,,,,,,,,,,,,,,,,,,,,,,,,,,,,,,,,,,,,,,,,,,,,,,,,5360,0,5360,0
,,,,,,,,,,,,,,,,,,,,,,,,,,,,,,,,,,,,,,,,,,,,,,,,,,,,,,,,,,,5380,0,5380,0
,,,,,,,,,,,,,,,,,,,,,,,,,,,,,,,,,,,,,,,,,,,,,,,,,,,,,,,,,,,5400,0,5400,0
,,,,,,,,,,,,,,,,,,,,,,,,,,,,,,,,,,,,,,,,,,,,,,,,,,,,,,,,,,,5420,0,5420,0
,,,,,,,,,,,,,,,,,,,,,,,,,,,,,,,,,,,,,,,,,,,,,,,,,,,,,,,,,,,5440,0,5440,0
,,,,,,,,,,,,,,,,,,,,,,,,,,,,,,,,,,,,,,,,,,,,,,,,,,,,,,,,,,,5460,0,5460,0
,,,,,,,,,,,,,,,,,,,,,,,,,,,,,,,,,,,,,,,,,,,,,,,,,,,,,,,,,,,5480,0,5480,0
,,,,,,,,,,,,,,,,,,,,,,,,,,,,,,,,,,,,,,,,,,,,,,,,,,,,,,,,,,,,,5500,0
,,,,,,,,,,,,,,,,,,,,,,,,,,,,,,,,,,,,,,,,,,,,,,,,,,,,,,,,,,,,,5520,0
,,,,,,,,,,,,,,,,,,,,,,,,,,,,,,,,,,,,,,,,,,,,,,,,,,,,,,,,,,,,,5540,0
,,,,,,,,,,,,,,,,,,,,,,,,,,,,,,,,,,,,,,,,,,,,,,,,,,,,,,,,,,,,,5560,0
,,,,,,,,,,,,,,,,,,,,,,,,,,,,,,,,,,,,,,,,,,,,,,,,,,,,,,,,,,,,,5580,0